{
  "lang": "es",
  "name": "pipeline",
  "version": "0.0.0",
  "spacy_version": ">=3.8.7,<3.9.0",
  "description": "",
  "author": "",
  "email": "",
  "url": "",
  "license": "",
  "spacy_git_version": "4b65aa7",
  "vectors": {
    "width": 0,
    "vectors": 0,
    "keys": 0,
    "name": null,
    "mode": "default"
  },
  "labels": {
    "tok2vec": [],
    "ner": [
      "CALLE",
      "CENTRO_SALUD",
      "CORREO_ELECTRONICO",
      "EDAD_SUJETO_ASISTENCIA",
      "FAMILIARES_SUJETO_ASISTENCIA",
      "FECHAS",
      "HOSPITAL",
      "ID_ASEGURAMIENTO",
      "ID_CONTACTO_ASISTENCIAL",
      "ID_SUJETO_ASISTENCIA",
      "ID_TITULACION_PERSONAL_SANITARIO",
      "INSTITUCION",
      "NOMBRE_PERSONAL_SANITARIO",
      "NOMBRE_SUJETO_ASISTENCIA",
      "NUMERO_FAX",
      "NUMERO_TELEFONO",
      "OTROS_SUJETO_ASISTENCIA",
      "PAIS",
      "PROFESION",
      "SEXO_SUJETO_ASISTENCIA",
      "TERRITORIO"
    ]
  },
  "pipeline": [
    "tok2vec",
    "ner"
  ],
  "components": [
    "tok2vec",
    "ner"
  ],
  "disabled": [],
  "performance": {
    "ents_f": 0.9469465981,
    "ents_p": 0.9570346892,
    "ents_r": 0.9370689655000001,
    "ents_per_type": {
      "NOMBRE_SUJETO_ASISTENCIA": {
        "p": 0.9802371542,
        "r": 0.986083499,
        "f": 0.9831516353
      },
      "ID_SUJETO_ASISTENCIA": {
        "p": 0.9856630824,
        "r": 0.9417808219,
        "f": 0.9632224168
      },
      "CALLE": {
        "p": 0.9320388350000001,
        "r": 0.8847926267,
        "f": 0.9078014184000001
      },
      "TERRITORIO": {
        "p": 0.9691991786,
        "r": 0.9574036511,
        "f": 0.9632653061
      },
      "FECHAS": {
        "p": 0.9701280228,
        "r": 0.9419889503000001,
        "f": 0.9558514366
      },
      "PAIS": {
        "p": 0.9738372093000001,
        "r": 0.9654178674,
        "f": 0.9696092619000001
      },
      "EDAD_SUJETO_ASISTENCIA": {
        "p": 0.96692607,
        "r": 0.9539347409000001,
        "f": 0.9603864734
      },
      "SEXO_SUJETO_ASISTENCIA": {
        "p": 0.980349345,
        "r": 0.9868131868000001,
        "f": 0.9835706462
      },
      "NOMBRE_PERSONAL_SANITARIO": {
        "p": 0.9446640316,
        "r": 0.9617706237,
        "f": 0.9531405783
      },
      "ID_TITULACION_PERSONAL_SANITARIO": {
        "p": 0.9825327511,
        "r": 0.9955752212000001,
        "f": 0.9890109890000001
      },
      "CORREO_ELECTRONICO": {
        "p": 0.9957627119,
        "r": 0.9751037344000001,
        "f": 0.9853249476
      },
      "ID_ASEGURAMIENTO": {
        "p": 0.9947916667000001,
        "r": 0.9845360825,
        "f": 0.9896373057000001
      },
      "FAMILIARES_SUJETO_ASISTENCIA": {
        "p": 0.737704918,
        "r": 0.4891304348,
        "f": 0.5882352941
      },
      "HOSPITAL": {
        "p": 0.7902097902,
        "r": 0.8071428571,
        "f": 0.7985865724000001
      },
      "ID_EMPLEO_PERSONAL_SANITARIO": {
        "p": 0.0,
        "r": 0.0,
        "f": 0.0
      },
      "NUMERO_TELEFONO": {
        "p": 0.9523809524,
        "r": 0.8,
        "f": 0.8695652174
      },
      "ID_CONTACTO_ASISTENCIAL": {
        "p": 0.8648648649,
        "r": 1.0,
        "f": 0.9275362319
      },
      "PROFESION": {
        "p": 0.0,
        "r": 0.0,
        "f": 0.0
      },
      "INSTITUCION": {
        "p": 0.5344827586,
        "r": 0.43055555560000003,
        "f": 0.4769230769
      },
      "NUMERO_FAX": {
        "p": 0.75,
        "r": 0.5,
        "f": 0.6000000000000001
      },
      "OTROS_SUJETO_ASISTENCIA": {
        "p": 0.0,
        "r": 0.0,
        "f": 0.0
      },
      "CENTRO_SALUD": {
        "p": 0.0,
        "r": 0.0,
        "f": 0.0
      }
    },
    "tok2vec_loss": 660.8983522776,
    "ner_loss": 316.8953552246
  }
}