{
  "overall": {
    "precision": 0.9513953058584366,
    "recall": 0.9349800217944061,
    "f1": 0.943116240725474
  },
  "per_label": {
    "NOMBRE_SUJETO_ASISTENCIA": {
      "p": 0.99,
      "r": 0.9840954274353877,
      "f": 0.9870388833499502
    },
    "ID_SUJETO_ASISTENCIA": {
      "p": 0.9881889763779528,
      "r": 0.9261992619926199,
      "f": 0.9561904761904763
    },
    "CALLE": {
      "p": 0.8934240362811792,
      "r": 0.9078341013824884,
      "f": 0.9005714285714286
    },
    "TERRITORIO": {
      "p": 0.9632352941176471,
      "r": 0.9482936918304034,
      "f": 0.955706096925482
    },
    "FECHAS": {
      "p": 0.968609865470852,
      "r": 0.9152542372881356,
      "f": 0.9411764705882354
    },
    "PAIS": {
      "p": 0.9824561403508771,
      "r": 0.968299711815562,
      "f": 0.9753265602322205
    },
    "EDAD_SUJETO_ASISTENCIA": {
      "p": 0.9823182711198428,
      "r": 0.9633911368015414,
      "f": 0.972762645914397
    },
    "NOMBRE_PERSONAL_SANITARIO": {
      "p": 0.9578313253012049,
      "r": 0.959758551307847,
      "f": 0.9587939698492463
    },
    "ID_TITULACION_PERSONAL_SANITARIO": {
      "p": 0.9739130434782609,
      "r": 0.9911504424778761,
      "f": 0.9824561403508772
    },
    "SEXO_SUJETO_ASISTENCIA": {
      "p": 0.9523809523809523,
      "r": 0.9821428571428571,
      "f": 0.967032967032967
    },
    "CORREO_ELECTRONICO": {
      "p": 0.9832635983263598,
      "r": 0.9791666666666666,
      "f": 0.9812108559498954
    },
    "ID_ASEGURAMIENTO": {
      "p": 0.9947643979057592,
      "r": 0.979381443298969,
      "f": 0.987012987012987
    },
    "FAMILIARES_SUJETO_ASISTENCIA": {
      "p": 0.5591397849462365,
      "r": 0.5652173913043478,
      "f": 0.5621621621621622
    },
    "HOSPITAL": {
      "p": 0.8805970149253731,
      "r": 0.8428571428571429,
      "f": 0.8613138686131387
    },
    "ID_EMPLEO_PERSONAL_SANITARIO": {
      "p": 0.0,
      "r": 0.0,
      "f": 0.0
    },
    "FARMACO": {
      "p": 0.0,
      "r": 0.0,
      "f": 0.0
    },
    "NUMERO_TELEFONO": {
      "p": 0.95,
      "r": 0.76,
      "f": 0.8444444444444444
    },
    "ID_CONTACTO_ASISTENCIAL": {
      "p": 1.0,
      "r": 1.0,
      "f": 1.0
    },
    "PROFESION": {
      "p": 0.0,
      "r": 0.0,
      "f": 0.0
    },
    "CENTRO_SALUD": {
      "p": 0.6666666666666666,
      "r": 1.0,
      "f": 0.8
    },
    "INSTITUCION": {
      "p": 0.5909090909090909,
      "r": 0.5416666666666666,
      "f": 0.5652173913043478
    },
    "OTROS_SUJETO_ASISTENCIA": {
      "p": 0.0,
      "r": 0.0,
      "f": 0.0
    },
    "NUMERO_FAX": {
      "p": 1.0,
      "r": 0.5,
      "f": 0.6666666666666666
    }
  }
}