{
  "token_acc":1.0,
  "token_p":1.0,
  "token_r":1.0,
  "token_f":1.0,
  "ents_p":0.9992946156,
  "ents_r":0.9994121105,
  "ents_f":0.9993533596,
  "ents_per_type":{
    "FARMACO":{
      "p":0.9992946156,
      "r":0.9994121105,
      "f":0.9993533596
    }
  },
  "speed":7160.993807102
}