{
  "token_acc":1.0,
  "token_p":1.0,
  "token_r":1.0,
  "token_f":1.0,
  "ents_p":0.9506860211,
  "ents_r":0.924579385,
  "ents_f":0.9374509804,
  "ents_per_type":{
    "NOMBRE_SUJETO_ASISTENCIA":{
      "p":0.998003992,
      "r":0.9960159363,
      "f":0.9970089731
    },
    "ID_SUJETO_ASISTENCIA":{
      "p":0.9724409449,
      "r":0.9610894942,
      "f":0.9667318982
    },
    "CALLE":{
      "p":0.7467532468,
      "r":0.4356060606,
      "f":0.5502392344
    },
    "TERRITORIO":{
      "p":0.9530916844,
      "r":0.9612903226,
      "f":0.9571734475
    },
    "FECHAS":{
      "p":0.9697986577,
      "r":0.9665551839,
      "f":0.9681742044
    },
    "PAIS":{
      "p":0.9833333333,
      "r":0.9752066116,
      "f":0.979253112
    },
    "EDAD_SUJETO_ASISTENCIA":{
      "p":0.9582542694,
      "r":0.9844054581,
      "f":0.9711538462
    },
    "NOMBRE_PERSONAL_SANITARIO":{
      "p":0.9660678643,
      "r":0.9718875502,
      "f":0.968968969
    },
    "ID_TITULACION_PERSONAL_SANITARIO":{
      "p":0.995412844,
      "r":1.0,
      "f":0.9977011494
    },
    "HOSPITAL":{
      "p":0.762295082,
      "r":0.7153846154,
      "f":0.7380952381
    },
    "CORREO_ELECTRONICO":{
      "p":0.9917012448,
      "r":0.9715447154,
      "f":0.9815195072
    },
    "ID_ASEGURAMIENTO":{
      "p":0.9945652174,
      "r":0.9891891892,
      "f":0.9918699187
    },
    "SEXO_SUJETO_ASISTENCIA":{
      "p":0.970212766,
      "r":0.9827586207,
      "f":0.9764453961
    },
    "OTROS_SUJETO_ASISTENCIA":{
      "p":0.0,
      "r":0.0,
      "f":0.0
    },
    "INSTITUCION":{
      "p":0.5526315789,
      "r":0.3181818182,
      "f":0.4038461538
    },
    "FAMILIARES_SUJETO_ASISTENCIA":{
      "p":0.7848101266,
      "r":0.7654320988,
      "f":0.775
    },
    "NUMERO_TELEFONO":{
      "p":0.8636363636,
      "r":0.76,
      "f":0.8085106383
    },
    "ID_CONTACTO_ASISTENCIAL":{
      "p":1.0,
      "r":0.9444444444,
      "f":0.9714285714
    },
    "NUMERO_FAX":{
      "p":0.6666666667,
      "r":0.6666666667,
      "f":0.6666666667
    },
    "FARMACO":{
      "p":0.0,
      "r":0.0,
      "f":0.0
    },
    "CENTRO_SALUD":{
      "p":0.3333333333,
      "r":0.5,
      "f":0.4
    },
    "PROFESION":{
      "p":0.25,
      "r":0.1111111111,
      "f":0.1538461538
    }
  },
  "speed":3882.6877489029
}